[
  {
    "id": 1,
    "priority": 1,
    "action": {
      "type": "redirect",
      "redirect": {
        "transform": {
          "path": "/following"
        }
      }
    },
    "condition": {
      "regexFilter": "^https?://(?:www\\.|mobile\\.)?(twitter|x)\\.com/?(?:\\?.*)?$",
      "resourceTypes": ["main_frame"]
    }
  },
  {
    "id": 2,
    "priority": 1,
    "action": {
      "type": "redirect",
      "redirect": {
        "transform": {
          "path": "/following"
        }
      }
    },
    "condition": {
      "regexFilter": "^https?://(?:www\\.|mobile\\.)?(twitter|x)\\.com/home(?:\\?.*)?$",
      "resourceTypes": ["main_frame"]
    }
  }
]
